EPI,PrE,TrB,ICM,Pre-EPI,Post-EPI,PSA-EPI
AC064802.1,CDH2,GATA3,SLC7A4,FBP1,LINC01950,NACA3P
DPPA5,HNF1B,GATA2,AC245041.2,RRAD,LIMD2,RPL5P1
LNCPRESS1,LINC00261,PTN,LRP2,ARGFX,SFRP2,RPS13P2
KHDC3L,GATA4,GRHL1,ATP6V0A4,FAM151A,THY1,AC092597.1
NANOG,SOX17,CCKBR,ENPEP,IL6R,CRABP1,RPL23AP65
SCGB3A2,FLRT3,WLS,SLC28A3,OXT,CNMD,AL592114.1
GDF3,RSPO3,SLC38A1,TACSTD2,MX1,FHL1,RPL7P23
MEG3,SOAT2,DLX3,TET2,CDHR1,CRABP2,AL353691.2
VENTX,APOA1,CBLB,SLC12A3,LINC01160,ATCAY,AC246787.1
RTP3,FRZB,GREB1L,TMPRSS13,HLA-F,GAP43,AC087343.1
PRDM14,PDGFRA,FYB1,GATA3,GPX2,CR1L,RPL17P36
VSNL1,CTSE,REEP1,GREB1L,NANOGP1,PODXL,RPL21P93
FGF4,BMP2,STS,TRIML1,PRUNE2,SNCB,RPL23AP74
NANOGP1,HABP2,CYP11A1,HAVCR1,GPR160,UCHL1,RPL7P19
VASH2,GCNT3,VGLL1,SLC7A2,ITGAM,TERF1,AC091042.1
TDGF1,BMP6,TENM3,ANXA8,AP002754.2,PRKCQ-AS1,AL591846.1
CXCL12,CPN1,LYN,FOLR1,WDR66,FGF19,AL450063.1
ZSCAN10,DPP4,MRGPRX1,PTGES,SUSD2,DLL3,AC107032.1
ALPL,FN1,MSX2,AL512599.1,MYO1G,C19orf66,RPS24P8
POU5F1,NID2,SLC7A2,MYOF,KLF17,GFPT2,RPL21P134
C19orf85,CCDC141,UBE2J1,SMPDL3A,SLC25A12,DHRS4,RPL4P5
NANOGP8,LGALS2,SH2D4A,ODAM,UACA,UNC13A,PFN1P1
SUSD2,GNG2,CEBPA,ANXA8L1,NRGN,AL392023.1,RPL14P1
FOXD3-AS1,RGS5,TET2,COLEC12,ACOT11,GPM6B,AL133260.1
AL117378.1,MARCKS,PLIN2,ANKRD6,RGCC,ARHGEF10,RPS2P55
LINC01108,CYP4X1,MPP1,RAB25,RTP3,AASS,EEF1A1P9
AC007536.1,LINC02413,BZW2,GATA2,SPIC,CPXM1,UBBP1
IGSF1,CACHD1,PPARG,SOAT1,UBTD1,ERVH-1,AC034236.1
HDAC2-AS2,APOA4,SP6,STS,PYGB,SEMA3E,AL009174.1
C13orf42,AC020656.2,GCM1,FRMD4B,NRIP3,HAS2,AC112491.1
AL450472.1,RNASE1,DLG5,DAB2,SLC16A9,LITAF,RPS26P8
NODAL,CADM1,TEAD1,DPF3,PLSCR4,SLC7A3,RPL21P75
AC009055.2,FZD7,GRAMD2A,PI4KAP2,EFR3B,GSTM1,RPS2P7
KLF17,FGA,FOLR1,REEP1,LEFTY2,MUC3A,RPS7P11
FP236383.1,ALDH1A1,ADAM9,OLR1,RPLP0P2,MEG8,RPL21P120
CALB1,VIL1,ODC1,ATP6V1B1,AK4P1,SHISA2,RPL21P39
DLL3,CHST3,CRYBG2,CD53,CFLAR,DSEL,RPL26P19
FP671120.1,CELA3B,XAGE2,TSPAN15,ATP8B2,KHDC3L,AC097523.1
INPP5D,CEACAM6,TFAP2A,EFNA1,TUBB4A,FXYD7,AC008026.1
MEG8,AL139415.1,CSF2RA,SH3GL3,ENO2,PCSK9,RPL10P6
THY1,CDH11,PAPOLA,OLFML1,AC156455.1,TUBA4A,AC093591.1
MAP1B,RHOBTB3,SH3BP5,LAD1,NANOG,HSPB1,AL049873.1
MT1G,MGST2,CSF2RA,LAMA1,FCGBP,AL591030.1,AC092155.2
APOBEC3C,LBH,MED12L,S100A16,ATG9B,COL1A2,RPS7P10
MT1X,SYT13,H19,FABP3,LEFTY1,TTC39C,AC136632.1
ERVH-1,HNF4A,NABP1,MYO6,UBASH3B,GPC4,AL158823.1
FBP1,DEFA6,ZFHX3,STAG3,TEC,GAL,RPS26P31
ZNF462,CRHBP,HMOX1,PWWP2B,ACE,DRAXIN,AL161787.1
LINC-ROR,SALL1,PGF,GAB2,SHPK,LINC00458,AC011979.1
LINC02582,GPC3,PWWP2B,CCKBR,GK,SMARCA1,NME2P1
DND1,DNAJC22,DSC2,SUN3,ATG3,CCND1,RPL13AP7
OXT,DUSP4,CLN5,GLIPR2,CBFA2T2,ZIC3,RPL35P5
POU5F1P3,MYL4,PPME1,DNAJC6,GDPD2,CRMP1,RPL7P32
ESRG,KIT,PCLAF,CRYBG2,KLF4,ETS1,AC098583.1
VRTN,CELA3A,CAST,GPRC5A,ANKRD45,CYR61,RANP1
B3GNT7,AMDHD1,MPZL1,PIP5K1B,DEPTOR,VASH2,RPL41P2
MAP4K1,AC243967.1,RAB31,BAIAP2L1,MAP4K1,AC004889.1,RPL21P119
PRUNE2,APOB,CTSV,TGFBR3,RCBTB1,LRFN5,AL034379.1
CDCA7L,COL18A1,DOCK9,CLDN4,PI16,HLA-A,AL138785.1
FOXH1,LGR5,MGST3,RAB11FIP4,SLC25A16,CSRP2,RPL24P4
PCAT14,HAAO,DLX5,ABCG2,AC010503.1,AC009055.2,RPL35P2
ATP12A,RGS9,GAB2,SYBU,SLX1A,VRTN,AL022718.1
DPPA2,GJB1,ADK,TJP3,FILIP1,KBTBD11-OT1,RPL23AP2
LINC00467,TMEM88,TMTC3,LINC00668,AP000356.3,SORD,HSP90AA2P
NMRK2,AC060780.1,GSE1,PRAMEF19,NRBP2,ZSCAN10,AC010343.1
CDA,APOC1,JUP,DLX3,BCL3,MALL,EEF1A1P12
SOX2,P3H2,CDKN1C,SLC6A19,SLX1B,DIAPH2,AC131235.1
SLC25A12,GATM,CTSL,STARD10,YIPF4,NREP,AC090013.1
CHST2,TRPC7,CHD7,TRERF1,NNT,SH2D2A,EEF1A1P19
PYCARD,IGF1,PERP,ADAM15,AGL,OCIAD2,RPS3AP5
UTF1,LINC02381,SMAGP,MISP,LRP4,ITM2A,AC022868.1
CACNA2D1,LYPD6B,ADAM15,CTTNBP2,LINC01206,PMAIP1,AL450998.1
GPM6B,COL4A1,ATP1B3,AC245041.1,AK4P3,TMEM47,AC104563.1
PMAIP1,MTTP,SLC7A8,PROM1,MSLN,OLFML3,MTCO2P12
TUBB2B,MYO1A,CTNNB1,URAD,ASRGL1,CGAS,AC079922.1
RRAD,CUBN,CCR7,UTRN,C19orf85,SERPINH1,RPL7P1
CDH3,AOX1,ABHD11,RHOU,CBR3,ARSE,RPL34P18
AC007207.2,VCAN,SH3BP5-AS1,PALLD,APOBEC3B-AS1,DPYSL3,AC023157.2
POU5F1P4,PIK3R6,PRKCH,CAPN2,AC078899.4,NPW,H3F3BP1
BCL11A,EXT1,COLEC12,CTSLP1,HNRNPA1P21,CDCA7L,AL669983.1
AP003096.1,ZBTB20,TACC1,LAMP2,PLLP,SERPING1,AC084368.1
SMIM10L2A,PLA2G12B,CDC42EP1,SH3KBP1,DENND5B-AS1,RASL11B,RPS10P3
AC005062.1,APOC3,ATP6V1C2,ANXA3,INPP5D,SKIL,RPS23P8
NREP,ZCCHC24,NDFIP2,PCLAF,SLX1B-SULT1A4,USP44,AL355472.2
AP000356.3,PDZK1,PTPRE,ARHGAP10,DND1,PDPN,AC010468.1
PIM2,CST1,CAB39L,LARGE2,BTLA,RAB34,AC114728.1
SPP1,PITX2,B4GALT1,NIM1K,NLRP9,PYY,AL354710.1
SCNN1A,AC010503.2,SGPP1,TMEM56,OVOL2,RBP1,AC015911.1
AC019155.2,SLC39A5,ISOC1,HSD17B1,SAMHD1,AC007751.2,AC018738.1
EFR3B,APOA2,STARD10,SHTN1,PCA3,DHRS4L2,AL603825.1
HLA-F,ATP8B5P,ITGA5,LLGL2,BCRP3,LINC02595,AC092670.1
FAM162B,AMBN,AIF1L,SGPP1,KLK13,LINC00599,RPL7AP6
CAMKV,SSTR2,TCF7L2,SLC7A7,AL049646.1,PTPRZ1,RPSAP19
MGC32805,AC008517.1,RP2,CDX2,AL450472.1,PRXL2B,AC090114.1
LRIG1,NPC1L1,USP3,ADAM9,NGEF,PTPRS,AC064799.1
LINC02474,OTX2,CTNND1,JUP,SERPINB6,PCOLCE,RPL13AP20
HHLA1,AC007384.1,TACSTD2,GRHL2,ARX,HBA2,RPL35P1
SLC16A2,TTN,UFC1,BCAT2,SULT1A1,CDIP1,AL355032.1
ANKRD18CP,IGFBP6,TMEM62,EHD4,PLA2G4F,NKX1-2,AC068522.1
TDGF1P3,CLDN19,ARID3A,ATP6V1C2,PHACTR1,ZNF462,RPS15AP1
TSPAN18,COL4A6,SKP2,GDPD3,AC106872.5,ATP1B2,AC005480.2
CBR3,SERPINE2,NET1,KANK4,ATP12A,LNCPRESS1,AC027309.2
MT1H,LINC00607,HSD3B1,AL365273.1,RNF125,MIR302D,BX679664.1
RNF125,HLX,LAMP2,DBNDD2,WDR11-AS1,CLU,HIGD1AP1
AC078899.4,CA4,PAXX,ACE2,TSPAN13,ZNF121,RPS27P29
SLC7A3,DUSP6,MAGED1,RFK,BAK1,RAC3,RPL31P63
UNC5B,LHX1,SLC2A1,LINC00842,CASP8,BCL11A,AC107983.1
PBX1,ARHGEF15,RAB11FIP4,TINCR,ZYG11A,GSTM2,DYNLL1P2
GPRC5B,LINC00242,GRHL3,PRSS8,POU5F1,NPTX2,RPS29P5
ARGFX,GATA6-AS1,ABCG2,ANPEP,ZNF675,SYT6,DYNLL1P1
CAVIN1,SBSPON,HACD3,PKP3,TRIM60P14,TP53I11,EIF3FP3
ARSE,TTR,PI4KAP2,ATP6V0D2,CACNB3,LINC00665,RPL13AP25
KHDC1L,AP001341.1,TXN2,ADAMTSL4,AC010503.2,B3GALT1,CHCHD2P9
TNFRSF8,MYL3,KRT7,LYN,CNR2,TMEM200B,RPS7P1
NEFL,RGN,LINC00668,RPS6KA4,,LINC01315,RPL7P9
PTPRD,HORMAD2-AS1,CDK7,DNAJC15,,CCDC8,MTCO2P2
TUBB4A,SLCO2A1,CD274,ADTRP,,SERPINE2,RPL36AP21
RASD1,S100A14,RHOU,MOB3B,,BLVRA,RPL21P11
ZYG11A,RTP1,LIMA1,AHNAK,,TDGF1,RPS2P46
AK4P1,IHH,CRTC3,TMPRSS2,,RARRES2,RPL10P9
PHLDA1,FOXA2,SLC7A6,SLC2A3,,LINC00698,RPS26P39
FCGBP,HSD17B2,UCA1,C4BPB,,MIR367,AC000089.1
PDPN,FGG,NRP1,P2RY6,,QPCT,RPL7AP66
ARHGAP33,VTN,ADGRG1,TIGAR,,MEG3,AC004890.1
LIM2,CST3,SLCO4A1,HAND1,,DPPA4,PPIAP6
CRABP1,TRPC7-AS2,B4GALT3,SMAGP,,FXYD6,MTATP8P1
CBFA2T2,AP1S2,ANKMY2,ZFHX3,,GLB1L3,AC079944.1
TUBB2A,LINC01517,EMC7,C6orf132,,CTGF,AL590139.1
MX1,APOM,TPD52L1,SLC7A8,,BEX3,RPL37P2
CDHR1,KLF9,SEC11A,JDP2,,AP1S2,AC099560.2
RGCC,ANKS4B,MYL12B,TACC1,,ADD2,EIF5AL1
FAM124A,DMTN,NR2F2,SLC9A3R1,,AC064802.1,AC110602.1
REC8,RTL9,FAM49A,ATP2C2,,IDO1,BX679664.3
MAN1C1,CLVS2,SPPL2A,CAST,,MAGED2,RPS26P6
LINC01950,UNC93A,UCHL3,AMOT,,PBX1,AC133134.1
CRMP1,GSTA2,ACKR2,ARHGAP29,,TMEM98,RPS18P12
PHF19,DDC,UBE2E3,NKD2,,CXCL12,RPS26P3
PLPP2,EPS8L3,SETD7,GRHL1,,ZNF649,RPS11P5
TENT5B,DGKB,DLGAP4,RASSF2,,CBX2,EEF1B2P6
OLAH,VEPH1,HS3ST3B1,PEX11A,,HDHD5,AC016700.2
HPAT5,KCNJ13,FHL2,FXYD4,,SNN,LSM12P1
BTLA,FGB,TFEB,CHD7,,AC113174.1,AL627402.1
APOBEC3G,DKK4,PSMD14,MSX2,,RCN3,RPL29P11
SUCLA2-AS1,DENND2C,CSF3R,ADK,,HDAC2-AS2,EEF1A1P11
AL136418.1,LRIT3,ETFA,SMOX,,,RPL34P27
MSH6,ATP1B1,DCAF6,CTSLP2,,,MAP1LC3B2
BCRP3,RP9P,SCD,LAMB1,,,AC073072.2
AC100868.1,TMEM92,FIGN,TP63,,,RPL18P13
ADORA2B,P4HA1,CDK2,RBBP8NL,,,RPL4P4
AL392023.1,NTS,CCND3,ITSN1,,,FAUP1
SLC16A9,BMP5,GJA5,PI4KAP1,,,RPS29P16
AC007218.1,HAS2-AS1,FTL,SNX2,,,ATP5MDP1
APOBEC3D,AC092745.2,CYP19A1,GM2A,,,TMSB10P1
DEPTOR,SERPINH1,AL512347.1,PLEKHF2,,,MIR1244-4
GAD2,MIR367,PLXDC2,ODC1,,,AL031729.1
SLC25A29,MIR302D,PI4KAP1,SPIN4,,,RPS27AP11
AC104791.1,FMO5,TMEM106C,AQP3,,,TMSB4XP8
PXDN,BEX1,ALAS1,ATP8B1,,,AL663070.1
HERC5,RAB3B,CTSH,CTSL,,,MIR1244-3
ADAMTS12,CCDC68,EFNA1,ALAD,,,RPL39P3
HOMER2,NT5E,PPP1R15B,PLAC8,,,RPL13P12
COL6A1,PARP16,LRRC58,PHOSPHO1,,,RPS27AP16
RAP1GAP2,KEL,S1PR2,CEBPA,,,TMSB4XP2
LINC00383,CEACAM1,COMMD8,PPT1,,,CHCHD2P6
PDE6G,SLC4A8,PTGES,SLC3A2,,,AC090602.1
PRAP1,GATA6,ARHGAP10,NCK2,,,ANXA2P2
CORO1A,NRCAM,CBWD5,TEAD1,,,SNRPGP2
NRBP2,LINC01767,FLVCR2,ALPP,,,YTHDF2P1
SNORD114-20,ITIH5,TIPIN,RBM47,,,AL139100.1
DPPA4,IGFBP4,KRT18,PPP1R2,,,CHCHD2P2
LINC01160,GPRC5C,ERGIC3,MPZL1,,,RPL36AP26
LRP4,AC026462.3,CLDN4,PCSK6,,,PDIA3P2
CXADR,PELI2,CD55,HAVCR2,,,AC018475.1
MAD2L2,S100Z,H2AFY,PPARG,,,AC008038.1
VSIG10,TRABD2B,MXRA8,B4GALT1,,,RPL13AP5
CGNL1,AP003716.1,CA12,TMTC3,,,TMSB4XP1
DLGAP3,TNFRSF19,RDX,TFAP2A,,,AL121871.1
FRAT2,AADACL3,LAD1,MTMR7,,,EEF1A1P13
IL6R,THSD1,PLEKHF1,ABHD11,,,HSP90AB3P
NGEF,H2AFY2,SLC19A2,ANO1,,,RPL15P3
DENND5B-AS1,MCC,HEG1,MICAL2,,,AC006483.1
LINC01224,C19orf33,BAIAP2L1,TMEM62,,,RPL12P6
CCL26,HOXA10,EDNRB,FAM118A,,,AF279873.1
CAPG,SLC25A3P1,RAB11A,RP2,,,RPL23P8
WNT3,CHI3L2,ST8SIA4,PFKFB4,,,RPL37P6
ZC3HAV1,TBCA,CYB5R1,CDX1,,,RPL29P33
DLGAP1-AS2,JCAD,MRPS15,HMOX1,,,HSPE1P4
MT1E,INMT,TRIM33,HNRNPA1P33,,,COX6A1P2
NEFH,MIR302A,EPB41L3,FHL2,,,AC079250.1
CAPN5,ADD3,CLMP,B3GNT2,,,RPSAP54
STOM,AC024909.2,TOR1AIP2,ACSL6,,,FTLP2
KIF5C,TNIP3,MBNL3,SFXN4,,,AL033519.2
AC027288.1,ABCB5,SFXN1,UBE2J1,,,AL139095.2
UACA,PDZRN3,MYOF,SLC1A3,,,AC092017.2
AK4,STAMBPL1,KATNBL1,GATA6,,,AC113398.1
RUNX1T1,AP000812.3,CD164,CCDC125,,,AC004552.1
IFI16,PKDCC,KRT19,LINC00974,,,AC026403.1
SEMA3E,OCLNP1,SH3BGRL2,BIN1,,,HSPE1P2
SLX1A,GDA,MBNL2,GCH1,,,ACTBP2
CASP8,BACE1,NCK2,GATA3-AS1,,,YWHAZP5
MIAT,TMC7,ELMO1,IQGAP2,,,AC099336.2
USP28,AC078993.1,KRT8,WNT6,,,AC110749.1
MT1L,CFTR,PLEKHG4B,SH3BGRL2,,,RPS10P7
FXYD6,HIGD1AP12,ADM,MPP1,,,NDUFS5
AC022784.2,CST4,SH3KBP1,SLC35C1,,,TMSB4XP4
AC104333.4,CXCR4,ODR4,NUAK2,,,HMGB1P1
AK4P3,PRAMEF19,LGALS3,ACKR2,,,MTRNR2L8
IFITM1,PTK2B,DAB2,MYLPF,,,RPL10P3
PLPP1,AC010503.1,SLC35F5,GALNT11,,,RPS11
SCRN1,ZNF280A,TBL1X,PTN,,,AC067930.6
OTUD1,ADAM23,LCMT1-AS2,MAGI3,,,MORF4L1P1
CNR2,PIK3R5,PSMD13,IL17RE,,,RPS10P5
SLC6A8,LINC02313,ATP6V1A,PCGF5,,,AL590867.2
HAS2,AC008063.1,CCNE1,YAP1,,,RPL21P28
RPRM,DPEP1,GRAMD2B,AL158839.1,,,AC011933.1
UCHL1,AC015917.2,BHLHE40,FIGN,,,Z74021.1
PCDH1,P3H1,ODAM,LRRFIP1,,,RPL10AP6
SLX1B,LINC02058,ERVW-1,MRPL35,,,H3F3C
BRINP1,CYP1B1,CTSC,SLC7A5,,,AP000936.3
FGF2,TM6SF2,GYS1,ECHS1,,,AL035411.1
HEY2,THPO,STRA6,CDK6,,,RPS26P11
CD44,SELENOP,PKIB,USP3,,,HNRNPA3P6
PTPRZ1,DTNB,USP47,CHI3L2,,,HSPB1P1
FILIP1,ACOX2,OPN3,LMOD2,,,EIF5AP4
NKX1-2,CMTM7,SNX14,STX7,,,RPL37AP1
CHST8,SIPA1L2,ATP7B,DYSF,,,RPL10AP2
DNMT3A,FOLR3,ZNF410,KRT18,,,SNRPD2
PLLP,ABRA,TRAPPC3,GAPDH,,,RPL5P4
PYGB,ZNF747,PSMA1,ZPR1,,,AC078819.1
FAM84B,ZNF608,ARHGAP18,RPS24P17,,,HSPE1P3
RASGEF1A,EDARADD,IDH2,LRPAP1,,,ATF4P3
ZNF827,AP000462.2,PELO,ACADSB,,,AC020898.1
ACE,KRTAP5-9,SLC5A6,AGER,,,AC016596.1
WDR66,AC004540.1,TMEM167A,ARHGAP18,,,AC009245.1
ETV1,MAN1A1,CBWD6,ENTPD1-AS1,,,RPL7AP11
LITAF,ZBTB8A,CD47,SLC19A2,,,AL645608.3
CCNA1,LINC00479,DIMT1,BIN2,,,RBM8B
PBX3,CLEC4E,C4orf19,MTUS2,,,RPS7
CNMD,AL161668.4,TANC2,GRHL3,,,TBCAP1
GUCA1A,FUT2,E2F8,EPCAM,,,KRT18P11
RBP1,DNAH12,IMPA2,LY6G6C,,,AC090589.1
CD200,SGIP1,TNFAIP3,S100A14,,,RPS26P15
GPR160,RNU6-1109P,DSG2,PYROXD1,,,FTH1P5
TTYH1,MIR122HG,TINAGL1,PKP2,,,RPL39P5
SFRP2,DHRS3,HEXIM1,RAB8A,,,RPL6P27
QPCT,DRD2,PMEL,DOCK9,,,FTH1P12
MYO1G,SLC1A7,CDC42SE1,PPFIBP2,,,AC007969.1
PIK3AP1,TNS4,GREM2,GALNT10,,,EEF1A1P25
YPEL3,RF00019,CLIC4,CDC42SE2,,,AC090515.1
TNRC6C,RF00019,PIK3CB,ASAH1,,,RPL41P1
EPHX3,PECAM1,TOP1,SNX6,,,MTND5P11
REEP6,MSMB,MAP3K8,CTSV,,,AC023886.2
ZNF444P1,IMPAD1,MUC15,NID1,,,SOD1
PODXL,CAPN13,GNG12,AC103740.2,,,MTCO1P40
LINC00189,CDH19,SPCS3,WNT11,,,RPL24P8
GSTT2B,ERBB4,KRT23,TAGLN2,,,RPS19
LEFTY2,AC091588.1,MOB3B,RHPN2,,,KRT8P45
SLC5A5,AP002802.1,OVOL1,SH3TC1,,,AL356653.1
KREMEN2,FCER1G,PLD3,SETD3,,,UQCRFS1P1
AC011447.3,APOA5,OSBPL9,NAALAD2,,,EIF1P3
NOTCH1,NRGN,SLC3A2,TMEM168,,,CYCSP45
AIRE,BCL2L15,SLC27A6,FRMD4A,,,RPL18
ACOT11,RNF183,CCDC125,RAB11FIP1,,,RPL10P16
TEC,RPL13P5,MAP7,ARHGAP8,,,SMIM26
ETV4,LARP7,ZMPSTE24,GSTK1,,,KRT8P3
GRB7,COL4A2,RIN3,SPOPL,,,AL122020.1
HNRNPA1P21,AL022069.1,ADAP2,EXPH5,,,TUBAP2
IL15,GLYCTK,MMP19,PPME1,,,RPS26P28
FAM124B,FARP1,SLC2A3,TIPIN,,,RPS24
FAM151A,CYP4F29P,KANK4,TSPAN14,,,SNRPEP4
OOEP,PSAPL1,LINC00643,CD99,,,RPL5P34
FGF8,EGFLAM,DIP2B,ANP32B,,,TPI1P1
SH2B3,BANCR,CBWD2,MCOLN1,,,RPL27
GAL,DENND1C,IVNS1ABP,TBC1D1,,,FTLP3
TRIB2,DEPDC7,DLX6,GTSF1,,,H3F3AP6
CD70,PPP1R14A,PPP1CB,TIMD4,,,RPL24P2
AC156455.1,GAMT,PKIA,WLS,,,RPS3AP6
CPT1A,TDRD7,HDGF,ABCC4,,,AC068631.3
MICB,PCBP4,TUFT1,DAG1,,,TMEM258
NFKB2,CER1,GPR32,DECR2,,,RPL35
BEND4,FAM198B,CERS5,CA12,,,AL080243.2
GBX2,AL391832.2,KCNN4,AP000547.3,,,AC073861.1
RBPMS2,XRCC6P1,AAK1,BSPRY,,,RPL23AP42
MID1IP1,LYZ,ATP2C2,AL513534.1,,,SNRPGP10
PQLC1,MYO9A,BAIAP2,SLBP,,,HMGN2P3
MMP24,TMEM65,TSPO,TMC5,,,RPL18AP3
PIMREG,TMEM56,RAB25,LETM1,,,RPSAP61
SDAD1P2,CKAP2L,ABCC5,CIDEC,,,RPSAP45
GPX2,GCKR,LRP2,PSAP,,,COX7CP1
DMKN,AF228730.4,CLEC1A,LMNA,,,SELENOTP1
TUBBP5,PRSS41,P2RX4,H2AFY,,,MTCO3P12
PPP1R1B,PCSK1N,AL033519.3,KCNN4,,,SNRPGP15
OGDHL,CLTRN,LTBR,CDH1,,,KRT8P32
KLF7,ANPEP,CITED2,NR2F2,,,NPM1P39
MN1,RPS3AP46,SYNJ2,COBLL1,,,EXOSC3P1
GRM4,KCNJ16,AC098934.1,TRPV3,,,RPL41P5
IL34,AC006249.1,AP000769.1,SCD,,,MIR4444-2
WIPF3,TFPI,DBNDD2,ANLN,,,MTRNR2L12
LPAR1,ROR2,SMARCA2,SPPL2A,,,KRT8P11
PLP1,SLC48A1,FSTL1,MRGPRX1,,,GAPDHP1
STMN1,AL158063.1,SMARCC1,MYH9,,,RPS23
ATP8B2,CAMK2D,SYNPO,ATP2B1,,,RPL37P23
PTCHD1,DYNC2H1,CBWD1,DENND4C,,,KRT8P48
ZNF729,FOXO1,TFAP2C,AC113404.1,,,RPS29
C2CD4C,LINC01006,SYNGR1,SLC44A2,,,ROMO1
HOMER3,FLT1,MYO6,FMR1NB,,,AC104692.1
CENPA,SP8,MYO7A,TMEM79,,,MT-TP
AC012368.1,NKX2-8,GORASP2,STXBP6,,,SLC25A6
AL117190.1,LPGAT1,TMED2,BASP1,,,AL354702.1
SPRY2,SHE,HERPUD1,RHOC,,,EIF1P7
ATP1B2,LINC00457,NUAK2,TXNRD1,,,COX6B1
PNRC1,PRKN,KRT8P3,DSG2,,,TMEM147
PCSK9,AL022332.1,FUCA2,PHC2,,,AC112187.1
NETO2,ISX,FTH1,CTSLP2,,,RPL31
AC106864.1,AC007277.1,NUS1,HIC2,,,KRT18P10
FAM182B,FAM114A1,CLDN7,ZNF385A,,,RPL23
ADA2,AP000867.4,TBK1,SLC27A2,,,NDUFA1
CCDC80,DAPK2,DNMT1,KCNV1,,,AC005912.1
TBC1D23,MIR3679,SDF2L1,PARD6B,,,BANF1P3
FOXR1,IFNAR2,MAN1A2,MCEE,,,RPS18
EPB41L1,SPATS2L,AKTIP,CCND3,,,NACA4P
PTPRS,AL160175.1,ARL4C,FNBP1L,,,RPL12P38
BFSP2,LINC02084,TCAF1,KALRN,,,YBX1P1
ABCA1,NDRG2,RXRA,ST6GALNAC1,,,RPS16
RND2,DZIP1L,RBBP7,TMEM171,,,RPL19
LEFTY1,RPL23AP7,PEAK1,ANXA11,,,TUBBP1
CFLAR,AC105460.1,GOLGA7,TMEM106C,,,CDC42P6
ENO2,PHKA2-AS1,NMD3,SPSB4,,,RPL7AP30
ACOT8,DYNLT3,EED,SLC16A1,,,TIMM10
ASRGL1,S100A16,EEF1AKMT1,PPP1R15B,,,KRT8P8
CR1L,CYP27A1,ZNF750,SYNJ2,,,GNG5P2
TMEM132C,AC019186.1,PARVA,ZFP64,,,RPL15P2
SDC2,HNF1A-AS1,EIF2B2,RREB1,,,RPL26P30
MT2A,AC092944.1,ABHD5,INAVA,,,KRTCAP2
LRFN5,AL358214.1,SHTN1,SSX2IP,,,AC113935.1
SUCLA2,FGFR2,TGFBR3,FAM83B,,,RPL13A
GK,AC226119.2,IL36RN,IMPDH1,,,RPLP2
AC090515.4,FAM45BP,SLC20A2,PERP,,,RPSAP15
FAM133A,ENO1P1,CBWD3,PAXX,,,MT-TM
GPR176,PCDH7,TPM4,LRRC1,,,HNRNPA1P8
IFITM3,PRAMEF5,TFG,TBL2,,,MTND6P4
NUDT15,FAM122C,GALT,TLE1,,,MIR1244-2
AL359538.1,CD3D,PDE4DIP,CERS5,,,SUMO2P1
RNF130,MYL7,WWTR1,ADM,,,AL162151.2
HMGB3,ALCAM,AGPAT5,AL109918.1,,,COPS9
MSLN,,CAPN6,FP565260.4,,,AC105250.1
DDX43,,BEST1,KHDRBS3,,,MTATP8P2
KCNN1,,PPT1,DNMT3L,,,PNRC2P1
ZIC3,,BEX4,GLB1,,,RPL8
ATCAY,,DPF3,PROSER2-AS1,,,MTRNR2L10
SPSB2,,TRABD2A,LIMA1,,,PPIAP22
CD9,,PDIA3,VTCN1,,,RPL34
GABRQ,,CHMP1B,DLG5,,,AC002075.2
MT1M,,6-Mar,RRP7A,,,RPS3AP29
AC120036.1,,SLC44A2,AKAP2,,,NDUFB1P1
SERINC5,,TNNC1,LATS2,,,NDUFB8
KBTBD11-OT1,,SMPDL3B,CBLB,,,FTH1P20
SLX1A-SULT1A3,,PID1,SLC34A2,,,HIST1H2BK
OAT,,USB1,ATF5,,,RNA5-8SN2
TUBA3D,,GSKIP,DOT1L,,,AC009302.1
PLEKHA5,,SF3B1,FYB1,,,RPL7P21
BICD1,,LAMA1,SH2D4A,,,TMA7
PAPSS2,,FADS2,WNT7B,,,RPS3AP47
MSTO1,,KYAT3,E2F8,,,AC115223.1
MRS2,,TSPAN15,SATB2,,,RPS26P47
CCR8,,COL21A1,SLC30A2,,,RNA5-8SN2
PMEPA1,,CCDC47,RALBP1,,,RPS27
MDGA2,,CSRP1,RBM3,,,AC024293.1
SHPK,,ACTR2,CLIP1,,,RPL41
STAT3,,SLC38A6,TFRC,,,PSMB4
TLL2,,MFSD13A,CEPT1,,,MTND1P23
KCTD7,,SOAT1,DNAJC1,,,RPL5
PINK1,,TGFBR2,FLNB,,,ISCA1P1
C2CD5,,BEX2,DSC2,,,SETP14
KDR,,ANAPC13,GNB1L,,,NDUFA12
ADD2,,CEPT1,IGF2BP1,,,RPL9P7
APOBEC3F,,PSPC1,ESRRB,,,RPL39
FBXO36,,ARID5B,AP005062.1,,,FTH1P7
MTCL1,,NUCB2,SH3BP5,,,RPS21
RF01872,,GSK3B,EZR,,,MTND4LP30
NRIP3,,SIN3B,LINC01996,,,KRT8P5
TRIM60P14,,PTS,AL445363.3,,,POLR2F
AGPAT2,,ZNF518B,CFL2,,,RPL18A
DOCK6,,VSIR,VAMP7,,,RPSAP9
SERPINB5,,NME1,OSBPL6,,,RPL23AP57
HMCN1,,TMPRSS13,CLTA,,,RPS10
B9D1,,ZNF436,KCNK1,,,PPIAP31
ZNF486,,SERTAD2,HAPLN1,,,AC018868.1
RNASET2,,RNF149,SMAD5,,,RPP21
F2RL1,,BIN2,CNDP2,,,RPL26
PYY2,,TM2D2,RIN3,,,AP001324.1
SCARA5,,GNB4,AC020571.1,,,RBX1
MICA,,AKAP13,ABCB6,,,RPL23AP18
DPYSL2,,ARHGAP24,XPNPEP1,,,PHPT1
FGD4,,FIP1L1,PRXL2A,,,RPS3AP26
EIF3K,,TET3,CLDN10,,,RPS6P25
BCL9,,BABAM1,KLHL2,,,SRP9P1
AC007218.2,,POP4,FUCA2,,,LSM7
AKAP12,,ERGIC2,AKTIP,,,AL590396.1
ITGAM,,RAB11FIP1,AP006248.4,,,RPSAP12
PRSS35,,FBXO3,CFD,,,RPS13
SLCO4C1,,SLC7A4,SP6,,,PFDN5
RRN3P1,,ELOVL1,ABCA4,,,RPLP0P6
DRAXIN,,PPA2,GFM1,,,RPS17
ARHGEF10,,TBL2,ESYT2,,,RPS27A
ARX,,CLPB,RARRES1,,,ATP5ME
GABRB3,,CCDC32,MPO,,,RPL38
WDR44,,MRPL24,,,,H2BFS
ARL4A,,RHOBTB1,,,,EIF4A1P2
BDNF,,GAPDH,,,,RNA5-8SN2
COL6A2,,ERP27,,,,AC090686.1
RADIL,,LEPROT,,,,PRELID1P1
ZNF614,,IL6,,,,RNA5-8SN2
ATG3,,EPRS,,,,AL136298.3
AC008753.3,,WIPI1,,,,NPM1P6
CPXM1,,PTPN14,,,,H2BFS
IL32,,SLC40A1,,,,AC090543.2
SLX1B-SULT1A4,,TIGAR,,,,AL136126.1
GPR19,,C4A,,,,RPL35A
TERF1,,LINC01588,,,,COX7C
UBTD1,,FAM89A,,,,SNRPG
PLSCR4,,TMEM54,,,,PPIAP29
VCX,,THAP3,,,,ATP5MF
LRRC2,,ERVV-2,,,,AC006122.1
BBC3,,MANBAL,,,,GPX1P1
OR2A1-AS1,,GXYLT1,,,,EEF1A1P6
SYT2,,VAMP3,,,,BOLA2B
PIFO,,ATP1A4,,,,LSM3
JAZF1,,IGF2BP3,,,,TMEM183B
CDIP1,,PHKG2,,,,YWHAZP3
SORBS1,,TDRP,,,,KRT18P17
GTF2IP4,,TM9SF1,,,,COX7B
WARS,,C1orf198,,,,AP000281.1
TNNT1,,SOCS6,,,,ZBTB8OSP2
BHMT,,GTSF1,,,,KRT18P16
KLK13,,STX12,,,,RPL18AP15
PRODH,,ADAMTS1,,,,RPS15
VCX2,,PSAP,,,,UQCRHL
CREB3L1,,PALLD,,,,FAU
PTGFRN,,SVIP,,,,RPL7
NACAD,,NR6A1,,,,RPS19P1
AP002754.2,,PSMC2,,,,AL109766.1
TFPI2,,B3GNT5,,,,FTH1P10
GLT1D1,,SFXN4,,,,MT-ND4L
GAS7,,SYNE2,,,,DYNLL1
TECPR2,,STT3B,,,,ATP5MPL
LIMD2,,SMG7,,,,RPL36
IVD,,NDUFAF1,,,,SURF2
CMBL,,TRIML1,,,,AL354714.2
COL1A2,,TENT5A,,,,POLR2K
HLTF,,C4B,,,,PSMB3
TCEA1,,EEF1AKMT4,,,,MT-CO2
ANXA4,,RGS16,,,,EIF4EP2
HOXB1,,EIF4A1,,,,RPSAP26
ATG9B,,P2RY14,,,,NDUFA13
AGL,,GM2A,,,,CAMLG
NUAK1,,LRRC1,,,,MTCO1P12
MFGE8,,BCAR4,,,,FTH1P11
RAB43,,MON2,,,,AC144530.1
LDLRAP1,,NEU1,,,,GNG5
ANK2,,TXNDC9,,,,AL162430.1
CHST4,,AC245041.2,,,,MT-TV
RN7SKP164,,VPS26A,,,,AC011497.2
MRC2,,EIF2S1,,,,MRPS24
MAEL,,CLN3,,,,TCEA1P2
OTOAP1,,PIGH,,,,AC007318.1
MYBL2,,MPV17,,,,NDUFB6
UGP2,,TSC22D2,,,,NRBF2P3
MYCL,,SARS,,,,RPS8
APOBEC3B-AS1,,GSTM3,,,,PGAM4
ZMYND19,,ENPEP,,,,MT-TT
JADE2,,MTMR6,,,,BX248409.1
TMEM131L,,ANXA5,,,,DMAC1
TUBA1A,,MCCC2,,,,MT-TL1
KIAA1551,,DHX32,,,,NDUFB2
BCL3,,PIGB,,,,AC137499.1
NES,,DIRC2,,,,HIST2H2AC
RGS10,,ASAP1,,,,TOMM7
LYPD1,,GPR171,,,,MTRNR2L1
CYP2S1,,ALDH3B2,,,,UQCR10
C9orf135,,SLC31A1,,,,HNRNPA1P4
ZNF90,,PFKFB4,,,,AC004453.1
CERS4,,PPARD,,,,RPSAP47
FAM220CP,,NBPF26,,,,RPL30
AL117378.2,,COBLL1,,,,OST4
SYT1,,TIMM17A,,,,RPL23AP43
CRYM,,PDLIM2,,,,PFN1
TPTE2P6,,KSR1,,,,UBL5
DPYSL3,,CGA,,,,SRP19
TMEM8A,,CTNNBL1,,,,SLIRP
SKIL,,NOP10,,,,RPL36A
ZNF727,,PYROXD1,,,,SERBP1P5
HUS1,,TRMT6,,,,RPL21P16
MATK,,ZNF114,,,,TAF10
AL157817.1,,LIPG,,,,AL136454.1
DACT1,,WDR89,,,,COX6A1
MMP9,,RIOK1,,,,KRT18P39
GDPD2,,SLC39A9,,,,MT1P3
FGFR3,,TINCR,,,,MIF-AS1
ZFP57,,TOMM5,,,,KRT8P36
HLA-A,,IQANK1,,,,PSMB6
NDUFAB1,,PREPL,,,,NDUFV2P1
CTSF,,RMDN3,,,,NUDT16L1
WHRN,,INTS12,,,,CLIC1
ABCC13,,AL365273.1,,,,AC009244.1
RASGEF1B,,TNFAIP8,,,,MT-ND3
AP000550.4,,ERRFI1,,,,GAPDHP61
SETX,,FTH1P8,,,,DYNLT1
OVOL2,,BMS1,,,,TIMM8B
NUDT4,,FAM206A,,,,RPS28
GPAT2,,GATA3-AS1,,,,PPIAP11
MCL1,,HAPLN1,,,,MRPL54
ALPG,,ERVMER34-1,,,,PET100
AC004889.1,,PAK6,,,,AC116533.1
BRWD3,,RASSF2,,,,HSPB1P2
CCDC190,,FAM156A,,,,RNU6-8
CHST9,,CD99,,,,ATP5MG
NLRP12,,MTMR2,,,,COX5B
NMU,,SSR2,,,,MT-ATP8
TMEM160,,BIN3,,,,AC022968.1
ETV5,,NCBP1,,,,AC073073.1
NKG7,,MED8,,,,SF3B5
ABLIM1,,TMEM245,,,,COX14
ALDH1A3,,ITGB4,,,,CSNK2B
ID1,,SRPRA,,,,ATP5F1B
SLC47A1,,TMEM33,,,,PIN4P1
SPATA6,,SRPRB,,,,RPS25
KRT16P1,,NAV1,,,,ELOB
USP13,,TRIM13,,,,BOLA2
FBXO2,,HLA-E,,,,Z83840.1
SNCG,,WWC1,,,,C19orf70
TRIM2,,ZNF702P,,,,FABP5P1
STRADB,,CLDN3,,,,GPX1
IRF2BPL,,YWHAZ,,,,SKP1P1
AC122685.1,,RIOX2,,,,RPS20P14
REST,,CHML,,,,AC023157.1
GYPC,,SIL1,,,,AL136380.1
CRABP2,,TRERF1,,,,AC091429.1
MYB,,ARHGDIB,,,,SEC61B
AC106872.5,,DENND4C,,,,COX7A2
ARL8A,,CDH1,,,,AC107075.1
CNTNAP3,,CUL2,,,,AC114801.3
UGCG,,PSMB7,,,,AL355802.1
LGR6,,CTNNA1,,,,ATP5MD
HDAC7,,LGMN,,,,RNU6-2
SLC25A18,,BTBD10,,,,PSMC1P1
AC091820.1,,MAP4K5,,,,RPS14
TNNI3,,EVI5,,,,SEC61G
P3H3,,NUP58,,,,FABP5P11
LAPTM4B,,LCP1,,,,COX17P1
WNT5B,,ZNF277,,,,CKS2
DLG3,,VPS37A,,,,AC092809.3
L1TD1,,ATF6,,,,FTH1P23
ARRDC2,,ATP6V0D1,,,,PTMAP2
LOXL2,,GABRE,,,,AC010733.1
ACOXL,,SLC1A3,,,,COX5A
SLC9A3R2,,ST3GAL6,,,,MTX1
FGF13,,BCL2L2-PABPN1,,,,EEF1DP1
OAZ2,,ZNF385A,,,,RNU6-9
SULT1A3,,AP001266.1,,,,PPIAP16
CP,,SPINT1,,,,RPL28
GLI2,,USP25,,,,UQCRH
AL359644.1,,SIRT2,,,,MTND4P12
SPARC,,GPATCH11,,,,SEM1
EPHA1,,IL1R1,,,,EIF4A1P10
GTF2IP1,,BTG1,,,,HNRNPCP2
PPP1R3B,,PTPRF,,,,AF201337.1
DUXB,,RAP1B,,,,AL158801.5
KCNK6,,HTATIP2,,,,MRPL52
ADAMTSL2,,ACTR6,,,,AC098591.2
GSTO1,,FARSB,,,,UBB
ATP23,,FAM104A,,,,CKS1BP2
SESN3,,DHRS7B,,,,TUBB4B
PKD1L1,,HNRNPR,,,,MT1JP
TET1,,ATP6AP1,,,,RPS15A
PPP2R2B,,QSOX1,,,,RPL3P4
TERF1P5,,FARP2,,,,RPL32
ALG1L,,NUDT3,,,,RNU6-7
GCHFR,,TPMT,,,,FTH1P16
TPST2,,AC002524.1,,,,FABP5P7
HLA-B,,P2RY6,,,,SNHG25
FZD5,,LRRC8B,,,,AC006511.3
BAK1,,UTRN,,,,MRPS21
ABHD12B,,SDC4,,,,COX4I1
ZFP36L2,,SLC29A1,,,,AC098934.3
TMEM159,,GLA,,,,NDUFA3
RARRES2,,GDI2,,,,ENY2
AC006329.1,,RAI14,,,,UBBP4
ZNF534,,ME2,,,,AC080023.2
ZNF675,,MALAT1,,,,AIP
HESX1,,SLC30A7,,,,MRPS28
SLC16A10,,EIF5B,,,,RNU6-11P
RBP7,,TCAF1P1,,,,UBE2SP1
AL138720.1,,SAR1B,,,,FABP5P2
NF2,,ATG2B,,,,RPL21
MKRN1,,PPFIBP1,,,,HSPE1
DPF1,,AK7,,,,KRT8P33
CA13,,CASTOR1,,,,UQCRB
TRIM26,,RARS,,,,RNU6-36P
RF02146,,TMED5,,,,RPL22P1
NRROS,,TMCO1,,,,FKBP1C
RHEX,,FAM156B,,,,MRPL36
GPC4,,SLC16A1,,,,NDUFB1
RF00019,,CCSER1,,,,RNU6-37P
MRPS23,,ANXA1,,,,RNU6-5P
TCEA1P2,,ERO1A,,,,MT1XP1
MEG9,,CREG1,,,,MT-TG
GOLIM4,,GNE,,,,FDX1P1
GABARAPL1,,BCAT2,,,,EIF4HP1
C7orf57,,EIF4G2,,,,UBA52
ALDH3A2,,ECHS1,,,,AC004057.1
ENPP1,,ARPC2,,,,UQCRQ
MT1F,,SPRYD7,,,,RNU6-1
NRG1,,WDR18,,,,RNU6-33P
CSH1,,PSMC1,,,,AC125611.3
SLC25A4,,SGCB,,,,SF3B6
TRIM22,,PPID,,,,UBE2V2
ZNF318,,C12orf29,,,,SNRPF
MYO5C,,MYLPF,,,,MT2A
N4BP3,,ZNF292,,,,ZFAS1
APOE,,CHID1,,,,RNU6-4P
UQCRH,,CTTNBP2,,,,MT-TF
NPW,,SDC1,,,,SUMO2P17
TESC,,ST3GAL4,,,,RPSAP58
ANKRD45,,GSTK1,,,,SSSCA1
LINC01090,,IRX4,,,,TIMM8AP1
NLRP7,,FAM118A,,,,RNU6-3P
BATF3,,EPAS1,,,,FTH1P15
A4GALT,,IPPK,,,,RPL12P4
EDA,,,,,,SNORD10
MSTO2P,,,,,,NDUFA11
ALPP,,,,,,MTND2P28
JAG1,,,,,,AC016739.1
LINC01206,,,,,,HIST1H4J
ZNF649,,,,,,CENPW
AC008753.2,,,,,,HIST1H2AM
SPTB,,,,,,RPS7P3
EIF4E3,,,,,,PGAM1P8
PWWP2A,,,,,,RPL36AL
GGT1,,,,,,AC005000.1
MRAS,,,,,,AC126120.1
MEIS2,,,,,,HIST1H2BE
SOX15,,,,,,JUND
AC087612.1,,,,,,ATP5F1E
AL590705.3,,,,,,LAMTOR3
LNCPRESS2,,,,,,AC104046.1
SNHG14,,,,,,ATP5PO
IDH1,,,,,,CD24P4
CGAS,,,,,,HSPD1P1
RAB43P1,,,,,,AL365436.1
BST2,,,,,,S100P
TRIM14,,,,,,COX8A
AP001000.1,,,,,,AAMDC
SPTBN1,,,,,,TMSB10
ZNF300,,,,,,UBE2SP2
KCTD15,,,,,,RPL17
PCSK5,,,,,,Z97353.1
RNF44,,,,,,ALG5
ACHE,,,,,,RPL34P6
FOXP1,,,,,,NDUFS8
PALD1,,,,,,RPS26
TBCD,,,,,,SNHG9
STK33,,,,,,SMIM4
ARAP1,,,,,,RPL29P30
ARMCX2,,,,,,AC007881.1
TRIM61,,,,,,AL356585.1
PDCL2,,,,,,RPL37A
CAVIN3,,,,,,AC020904.2
ST6GALNAC3,,,,,,AC079140.2
NPAS1,,,,,,RPS12
ASTN2,,,,,,MT1P1
RHOF,,,,,,AC016734.1
PIPOX,,,,,,MT-TS1
KLF11,,,,,,AC135507.1
ENPP2,,,,,,AC097263.1
NFATC4,,,,,,RPSAP18
SENP2,,,,,,AL450405.1
RCBTB1,,,,,,SUB1
CDH13,,,,,,HIST1H4K
ZNF296,,,,,,RNU6-6P
FBXO44,,,,,,NDUFS4
LINC00707,,,,,,RPS20
FOXN3,,,,,,SFT2D1
FAM111B,,,,,,MRPL17
LINC00698,,,,,,TMEM11
PCA3,,,,,,SNRPD1
SNX21,,,,,,AC113404.3
CD38,,,,,,COX6C
ALDH2,,,,,,MRPL45P2
HOXB2,,,,,,RPL13
PELI1,,,,,,RNU6-15P
PPIAP29,,,,,,CALM2P2
RASGRF2,,,,,,RNU6-42P
PINK1-AS,,,,,,AC011506.1
RPL5P34,,,,,,AC090498.1
CCDC28B,,,,,,SPCS2P4
U91328.1,,,,,,C1orf52
NTN4,,,,,,MRPS10P1
SDHAP3,,,,,,RPL24
UPP1,,,,,,FIS1
EPHA7,,,,,,ITPA
TFCP2L1,,,,,,TBCA
EEF1A1P5,,,,,,POLR2I
ITM2C,,,,,,EIF3K
JARID2,,,,,,RPS27AP12
PLSCR1,,,,,,AL391650.1
XACT,,,,,,SNORA57
SPIC,,,,,,MINOS1
AP001628.2,,,,,,RNPS1P1
ZIC2,,,,,,NOP10
MOGAT3,,,,,,RPS3AP43
KRT16P3,,,,,,RF02216
KCNN2,,,,,,RPL22P12
6-Sep,,,,,,SERF2
AC091820.2,,,,,,AC231533.2
PRKCQ-AS1,,,,,,RIT1
SPTLC2,,,,,,SNRPE
DNAJB6,,,,,,AC132942.1
APOBEC3A,,,,,,PTMAP5
GCNT2,,,,,,C4orf48
PCNX2,,,,,,RN7SL3
PPDPF,,,,,,S100A10
CDH8,,,,,,AP006296.1
NCF2,,,,,,HMGN2P17
IL23A,,,,,,RPSAP17
PSRC1,,,,,,COMMD6
OR2A20P,,,,,,DPM3
SERPINB6,,,,,,AP003352.1
YPEL2,,,,,,NHP2
FXYD7,,,,,,HIST2H2AA4
VAV2,,,,,,MFSD2B
AC003973.3,,,,,,MT2P1
NAGA,,,,,,AC116049.1
OIP5-AS1,,,,,,RNF181
MAP4,,,,,,H3F3A
ZNF208,,,,,,AC245595.1
LAMA4,,,,,,RPL9
DENR,,,,,,SWI5
ZIK1,,,,,,RPL23AP58
IL17RD,,,,,,HSP90AA1
GSDMD,,,,,,POLR2L
RPL13AP5,,,,,,COX17
AC104304.1,,,,,,AC006453.2
GSTT2,,,,,,TMEM216
SSBP2,,,,,,EIF1
KLHL18,,,,,,TXNDC17
HUWE1,,,,,,GLRX2
CREBL2,,,,,,PIN4
MFSD2A,,,,,,HES1
GABBR1,,,,,,RPL14
TMEM134,,,,,,ATOX1
MCRIP2,,,,,,EIF3F
FGF19,,,,,,MT-TA
GPR27,,,,,,MT-TQ
AC068134.2,,,,,,AC025518.1
MRGPRF,,,,,,POLR2H
SNORD113-3,,,,,,VTRNA1-3
YIF1B,,,,,,EEF1E1
DCLK1,,,,,,AC016700.1
SEZ6L2,,,,,,ZNHIT1
CACNA2D2,,,,,,CGA
CHODL,,,,,,MIF
CA8,,,,,,AC002524.1
ZNF75D,,,,,,PTRH2
ZNF560,,,,,,PDCD6
KCP,,,,,,PAFAH1B3
AARS2,,,,,,SUMO1P4
EXOC3L1,,,,,,RPL5P9
PSEN2,,,,,,SLC35B1
SCUBE2,,,,,,MGST1
DES,,,,,,CREB3
GLUD1,,,,,,POP5
TUBB3,,,,,,RPL27A
SLC22A20P,,,,,,NDUFB4
SAP18,,,,,,NDUFC2
RNASE10,,,,,,PRMT5-AS1
C4orf51,,,,,,AC091492.1
PRKCG,,,,,,CKS1BP3
SNRPN,,,,,,NDUFB9
PRPS1,,,,,,AL512625.3
NCBP2-AS2,,,,,,DGUOK
PDGFA,,,,,,TRAPPC2B
AC099677.4,,,,,,HIST1H2AJ
PACSIN3,,,,,,SELENOH
FUNDC1,,,,,,ARF1
RARG,,,,,,ELOF1
CNTLN,,,,,,AL158077.1
SPINK2,,,,,,CGB7
AL353692.2,,,,,,TWF1P1
ANTXR1,,,,,,RNU6-10P
CLEC4G,,,,,,CCT8P1
NANOS1,,,,,,PSMA7
TPH2,,,,,,CLIC4P1
ZSCAN2,,,,,,TMEM60
MLXIP,,,,,,JSRP1
PPP1R26,,,,,,SARAF
PRRX2,,,,,,RPA3
DAPK1,,,,,,ORMDL2
PDHB,,,,,,HIST2H2AA3
INSR,,,,,,CSTB
ZNF490,,,,,,MRPL16
GLI1,,,,,,NSA2
DNM1,,,,,,HIST1H4C
SAT2,,,,,,MIR6087
COL7A1,,,,,,JAGN1
PORCN,,,,,,AC007387.1
CCPG1,,,,,,AC098614.1
AP000356.4,,,,,,MRPL41
PYY,,,,,,AL133268.1
TRIM8,,,,,,TMEM126A
GEM,,,,,,HIST1H2BO
UNG,,,,,,BNIP3P1
MDK,,,,,,FMC1
ARHGEF16,,,,,,BCAS4
SNHG15,,,,,,AC034102.1
CTBP2,,,,,,ATP5PF
SVIL,,,,,,C8orf59
DDB2,,,,,,POLR2J
IFT172,,,,,,BUD23
REM2,,,,,,AC021723.1
YIPF4,,,,,,HIST1H2AI
ABHD17B,,,,,,H3F3AP4
DAB1,,,,,,AL109618.1
TF,,,,,,ENO1P1
AGRN,,,,,,MT-TN
RPS20P14,,,,,,MTLN
AC092546.1,,,,,,MIR3615
MIR3671,,,,,,ZNF593
PRDX1,,,,,,TRMT112
ISOC2,,,,,,COX20P1
PLCD1,,,,,,LSM5
BAMBI,,,,,,RPS3AP44
SOX9,,,,,,AC007560.1
FLRT2,,,,,,UQCC2
MIF,,,,,,NDUFB3
ZYX,,,,,,POLR1D
AC093673.1,,,,,,ATP6V1F
HMGA2,,,,,,MYL6
OLFML3,,,,,,RPL37
IGFBP7-AS1,,,,,,RNU4ATAC
YBX3,,,,,,SNORD42A
SURF6,,,,,,RPLP1
RPSAP12,,,,,,AC004148.2
SLC39A10,,,,,,NDUFC1
ABTB1,,,,,,ORMDL1
SCRIB,,,,,,SLC25A5
TCEAL3,,,,,,SCARNA22
AC090740.1,,,,,,TOMM6
SLCO5A1,,,,,,MRPL55
RPSA,,,,,,FKBP2
PITPNC1,,,,,,MAP3K13
CD79B,,,,,,CST3
TOM1L1,,,,,,SRR
SETD1A,,,,,,DSCR8
TMX4,,,,,,AC007938.2
GALNT18,,,,,,BANF1
AL353997.3,,,,,,RPS28P7
NR5A2,,,,,,RPL12P16
MELTF,,,,,,RNF5
LOXL3,,,,,,RPS23P1
WDR62,,,,,,LAMTOR1
HRK,,,,,,AL031727.1
MEST,,,,,,RPL29
COL9A3,,,,,,CKS1BP1
ZNF385D-AS1,,,,,,BCLAF1P2
RRAGB,,,,,,EEF1A1P5
SLFN13,,,,,,STAG3L1
RPSAP15,,,,,,RPS6
TGFB1I1,,,,,,AC073063.1
FAM214B,,,,,,RPL7AP73
RNU1-112P,,,,,,TXNL4A
C1R,,,,,,RPL12
LPAR2,,,,,,CXorf40A
LRRC49,,,,,,TOMM5
GRIA1,,,,,,POMP
RPL8,,,,,,MT-ATP6
GLS2,,,,,,RAC1P2
H3.Y,,,,,,MT1F
FXR1,,,,,,DNAJC9
LINC00632,,,,,,MRPL13
FLVCR1,,,,,,SSB
SLC6A6,,,,,,TATDN1
PTH1R,,,,,,CEBPB
FRMPD3,,,,,,ITGAE
PHACTR1,,,,,,TERF1P5
GTF2I,,,,,,SMIM11B
CLMN,,,,,,RF00322
MPPED2,,,,,,RNU6-16P
CABLES1,,,,,,AC097658.1
AFF2,,,,,,FABP5
QRICH2,,,,,,AL445305.1
ARHGAP4,,,,,,MT-TE
MIR25,,,,,,FTH1P3
PARP1,,,,,,AC108073.1
PCDH15,,,,,,PAGR1
AC104461.1,,,,,,AC022018.1
NUDT4P2,,,,,,MRPL11
CASP10,,,,,,AKR1B1
NQO2,,,,,,MT1G
CNTNAP3C,,,,,,RPL11
RPLP0P2,,,,,,HIST1H4I
CD81,,,,,,AC000068.2
RASGRP2,,,,,,ESD
MYOZ3,,,,,,CCT8
RNF138P1,,,,,,NOL7
EPB41L2,,,,,,RAB18
WDR11-AS1,,,,,,CGB3
PROCR,,,,,,EIF2S2P4
MSH2,,,,,,TRIR
BCOR,,,,,,UFC1
THBS2,,,,,,CGB8
ROBO3,,,,,,SNORD104
PNMA2,,,,,,EEF1D
TNFSF9,,,,,,NIFK
MYSM1,,,,,,NQO2
SEMA3B,,,,,,PAGE4
LINC00937,,,,,,MXD3
CARD11,,,,,,AC130689.1
FXYD5,,,,,,YWHAZP4
HYAL4,,,,,,GOSR1
GRIP2,,,,,,TMEM256
ALDOC,,,,,,STAG3L2
GPR153,,,,,,RF00494
UNC5B-AS1,,,,,,NDUFA4
SYPL2,,,,,,RPL23A
TRNP1,,,,,,AC104451.1
TGFB3,,,,,,AP001000.1
HERC6,,,,,,S100A11
IRF1,,,,,,CMC2
LHFPL4,,,,,,ATP5MC1
KIAA1257,,,,,,APOA2
PDCL3P4,,,,,,RN7SL4P
SCN1B,,,,,,NDUFS6
SULT4A1,,,,,,RABAC1
CHN1,,,,,,SMIM27
MPC2,,,,,,POLE4
SCARB1,,,,,,RPL5P23
FCHO1,,,,,,RMRP
ZNF589,,,,,,REX1BD
ZNF552,,,,,,NDUFB7
LINC02328,,,,,,RPL21P67
CCM2,,,,,,MPST
AKAP3,,,,,,NOP56P3
AL590094.1,,,,,,AC006064.2
SLC44A1,,,,,,MRPL33
RMND5B,,,,,,MDP1
PAMR1,,,,,,SH3BGRL3
SULT1A4,,,,,,PRR13P5
FLII,,,,,,RBFA
SALL3,,,,,,NAA38
PTMS,,,,,,RF02103
ZNF483,,,,,,NME1-NME2
TRIM28,,,,,,SNORA74D
EPHB1,,,,,,RPS4X
ADORA2A,,,,,,NBPF19
SNORD114-13,,,,,,SNORD27
SHROOM3,,,,,,TRAPPC5
PLIN3,,,,,,SREK1IP1
AL121821.1,,,,,,HIST1H2BC
STAT6,,,,,,AC020550.1
RIF1,,,,,,CIAO2A
TRIML2,,,,,,NACA
NKAPP1,,,,,,UBL5P2
CDC42BPA,,,,,,ELOC
PTPRN,,,,,,PABPC1
GSTO2,,,,,,DNAJA1P3
SLC2A6,,,,,,MRPS18C
KLC3,,,,,,ARL10
MUC3A,,,,,,RN7SL5P
ZNF423,,,,,,SUMO1P3
FOXD3,,,,,,RPPH1
AL450326.1,,,,,,ZMAT5
GRAMD1A,,,,,,NDUFB10
AC015818.3,,,,,,AC090543.1
CDK14,,,,,,SARS
TSC22D3,,,,,,ATG4D
AUTS2,,,,,,ATP5IF1
EHD2,,,,,,KRT18P13
DLK1,,,,,,LSP1
FCGRT,,,,,,SNHG6
PRPSAP1,,,,,,LHB
TTC39B,,,,,,RN7SL2
KIF7,,,,,,C19orf53
ZNF667,,,,,,PPIAP36
ATP1B3P1,,,,,,GPX3
ZNF578,,,,,,SCNM1
LRFN3,,,,,,TIMM13
COL5A1,,,,,,RF00004
TCL1A,,,,,,PDIA3P1
AC011447.7,,,,,,RPL26L1
AC104073.4,,,,,,RPL10P14
HACD1,,,,,,NOTCH2NLA
AL390728.6,,,,,,HIGD2A
AC092834.1,,,,,,HMGB1P10
CCL2,,,,,,MRPS18B
TRH,,,,,,MT1E
ARFGEF1,,,,,,MRPS21P3
TMEFF2,,,,,,AP002472.1
THEMIS2,,,,,,PSENEN
KDM4E,,,,,,CLEC11A
AL357562.1,,,,,,COX20
SLC25A16,,,,,,CISD1
HERC2P2,,,,,,AC110994.2
,,,,,,TSPO
,,,,,,IFI27L2
,,,,,,NMB
,,,,,,TMEM35B
,,,,,,MT-TY
,,,,,,CGB5
,,,,,,MYCNUT
,,,,,,LSM8
,,,,,,SMYD2
,,,,,,SIVA1
,,,,,,H2AFJ
,,,,,,CR769767.2
,,,,,,AC127029.3
,,,,,,TIMM23
,,,,,,CKLF
,,,,,,GTF2F2
,,,,,,STAG3L3
,,,,,,CGB1
,,,,,,TMEM251
,,,,,,VTRNA1-2
,,,,,,RN7SKP71
,,,,,,EFNB2
,,,,,,PSMD11
,,,,,,APRT
,,,,,,AC010677.1
,,,,,,FTH1P4
,,,,,,LSP1P4
,,,,,,COPS5
,,,,,,CTSB
,,,,,,CYTOR
,,,,,,ANXA2
,,,,,,AC010973.2
,,,,,,SELENOKP1
,,,,,,MORF4L1
,,,,,,MT1X
,,,,,,RPL10
,,,,,,CNPY2
,,,,,,HNRNPAB
,,,,,,AL034430.2
,,,,,,HIST1H3I
,,,,,,AL954705.1
,,,,,,PDCL3P5
,,,,,,AC022149.1
,,,,,,CHCHD1
,,,,,,GABARAP
,,,,,,HIST1H2AD
,,,,,,RANGRF
,,,,,,NGDN
,,,,,,MEA1
,,,,,,GMPR2
,,,,,,RPL39L
,,,,,,NUTM2B-AS1
,,,,,,RPL23AP64
,,,,,,PLPP5
,,,,,,TMEM141
,,,,,,BOLA3
,,,,,,MRPS18A
,,,,,,RBM4
,,,,,,BCYRN1
,,,,,,POLR2C
,,,,,,TCEAL8
,,,,,,RN7SKP80
,,,,,,SELENOM
,,,,,,MAZ
,,,,,,RF00024
,,,,,,MRPL53
,,,,,,RPL17P43
,,,,,,GAPDHP44
,,,,,,CYCSP55
,,,,,,PITPNA-AS1
,,,,,,PITX1
,,,,,,AL157871.3
,,,,,,PPIH
,,,,,,AC009948.2
,,,,,,AL161909.1
,,,,,,S100A4
,,,,,,PLCXD1
,,,,,,HIST1H2BD
,,,,,,MRPL40
,,,,,,AL109811.2
,,,,,,CGB2
,,,,,,ZSCAN16-AS1
,,,,,,RPSAP3
,,,,,,SNRPB
,,,,,,GAMT
,,,,,,AC091849.1
,,,,,,MT-TS2
,,,,,,NDUFA2
,,,,,,SYPL1
,,,,,,ADNP
,,,,,,TM2D3
,,,,,,AL445524.1
,,,,,,U47924.2
,,,,,,TMEM189-UBE2V1
,,,,,,TNFAIP2
,,,,,,CKS1BP7
,,,,,,PSMD7
,,,,,,SEC11C
,,,,,,ACP1
,,,,,,HMOX2
,,,,,,NDUFA7
,,,,,,AL645924.2
,,,,,,UBE2L4
,,,,,,AL133415.1
,,,,,,UBC
,,,,,,CIAPIN1P
,,,,,,RN7SKP203
,,,,,,AGTRAP
,,,,,,AL031058.1
,,,,,,HNRNPA1P10
,,,,,,KRT8P50
,,,,,,SNAPIN
,,,,,,AC012085.1
,,,,,,RF00004
,,,,,,ZBTB8OS
,,,,,,CYB5R2
,,,,,,AC012146.1
,,,,,,RN7SL1
,,,,,,WSB2
,,,,,,LYSMD1
,,,,,,LAMTOR2
,,,,,,PEA15
,,,,,,ANAPC11
,,,,,,RF00012
,,,,,,PTPMT1
,,,,,,ZDHHC4
,,,,,,AC020917.1
,,,,,,FTH1P2
,,,,,,HSPB11
,,,,,,CARD16
,,,,,,MFAP2
,,,,,,APOC1
,,,,,,H2AFV
,,,,,,MT1L
,,,,,,TNRC6B
,,,,,,DNAJC19
,,,,,,POLR2J3
,,,,,,GNG10
,,,,,,SLC25A3
,,,,,,AAK1
,,,,,,TPI1P2
,,,,,,SNORD68
,,,,,,TMEM101
,,,,,,UBE2A
,,,,,,CHCHD7
,,,,,,ST13P15
,,,,,,ERCC1
,,,,,,ZNF321P
,,,,,,ERCC8
,,,,,,SDHDP6
,,,,,,ACOT13
,,,,,,CACYBPP2
,,,,,,LIN28B
,,,,,,COX7A1
,,,,,,TMSB4X
,,,,,,AC021074.1
,,,,,,CDKN1A
,,,,,,CD59
,,,,,,CISD3
,,,,,,HNRNPA1L2
,,,,,,LGALS13
,,,,,,RN7SKP255
,,,,,,RWDD3
,,,,,,HOPX
,,,,,,C14orf119
,,,,,,BX005266.1
,,,,,,AC011487.3
,,,,,,SMDT1
,,,,,,CEBPZOS
,,,,,,ERH
,,,,,,SBDSP1
,,,,,,NBPF14
,,,,,,EXOSC1
,,,,,,PRMT2
,,,,,,MRPL32
,,,,,,RPS20P24
,,,,,,MRPL20
,,,,,,TPT1-AS1
,,,,,,NUDT5
,,,,,,GPX4
,,,,,,RNU2-63P
,,,,,,GRINA
,,,,,,SAMM50
,,,,,,TCEAL4
,,,,,,ACTG1P20
,,,,,,MT-TK
,,,,,,CLIC3
,,,,,,HIST2H3D
,,,,,,PSMC5
,,,,,,PFDN2
,,,,,,CMTM7
,,,,,,MIR3651
,,,,,,ATP5PD
,,,,,,EML4
,,,,,,GAPDHP21
,,,,,,TEX30
,,,,,,RPL7A
,,,,,,FAM104B
,,,,,,SPRY1
,,,,,,CIAO2B
,,,,,,ANG
,,,,,,NDUFB11
,,,,,,PTDSS2
,,,,,,XAGE3
,,,,,,AURKAIP1
,,,,,,ELOBP2
,,,,,,THOC7
,,,,,,HAGH
,,,,,,COX16
,,,,,,DUT
,,,,,,RPL22
,,,,,,PAQR7
,,,,,,RPAIN
,,,,,,RARS2
,,,,,,NT5DC2
,,,,,,SNORD87
,,,,,,MAP1LC3B
,,,,,,SMIM11A
,,,,,,HMGB1P24
,,,,,,RPS2
,,,,,,FAM173B
,,,,,,CREB3L2
,,,,,,AC007041.1
,,,,,,CSKMT
,,,,,,MGST2
,,,,,,TPT1
,,,,,,FTL
,,,,,,HYLS1
,,,,,,SYVN1
,,,,,,ARHGDIA
,,,,,,SRP9
,,,,,,PAIP2
,,,,,,WASHC3
,,,,,,AC098859.1
,,,,,,SNORA80E
,,,,,,SEC62
,,,,,,IAH1
,,,,,,GTF2H2C
,,,,,,AL137782.1
,,,,,,RNY1
,,,,,,PDLIM2
,,,,,,SSR2
,,,,,,CYP20A1
,,,,,,ENC1
,,,,,,CAPNS1
,,,,,,RPS18P9
,,,,,,AC106872.7
,,,,,,MIR4435-2HG
,,,,,,GPATCH11
,,,,,,PLAC4
,,,,,,HAS2-AS1
,,,,,,RPL32P29
,,,,,,S100A6
,,,,,,NANS
,,,,,,S100A13
,,,,,,PDCD5
,,,,,,YARS2
,,,,,,AC016894.1
,,,,,,ARSEP1
,,,,,,TMEM186
,,,,,,PPP3CA
,,,,,,ARPC3P2
,,,,,,CHCHD10
,,,,,,ANAPC10
,,,,,,PTOV1
,,,,,,ATP6V0E1
,,,,,,VSIR
,,,,,,CBWD6
,,,,,,SOX11
,,,,,,MT-TH
,,,,,,CHMP4A
,,,,,,TEN1
,,,,,,CHURC1
,,,,,,AD001527.2
,,,,,,MED31
,,,,,,ADIPOR1
,,,,,,LINC00987
,,,,,,TMBIM4
,,,,,,WDR45
,,,,,,SNRPD3
,,,,,,MYL6B
,,,,,,SNURF
,,,,,,IGF2
,,,,,,ZNF746
,,,,,,FILNC1
,,,,,,UBALD2
,,,,,,RNU6-29P
,,,,,,PSMB5
,,,,,,HIST1H2AH
,,,,,,ARPC5L
,,,,,,STT3A
,,,,,,CHSY1
,,,,,,TCEA1
,,,,,,NME2
,,,,,,RNU6-25P
,,,,,,C1orf123
,,,,,,SNORA27
,,,,,,HIST1H2BJ
,,,,,,SPAG5-AS1
,,,,,,COQ3
,,,,,,TFPI
,,,,,,RNA5S6
,,,,,,RPL10P12
,,,,,,BX284668.5
,,,,,,RPN1
,,,,,,LAMTOR4
,,,,,,FNDC3A
,,,,,,MT-ND2
,,,,,,COL4A1
,,,,,,COA6
,,,,,,MT-RNR1
,,,,,,NRIP1
,,,,,,MYL12B
,,,,,,EEF1B2P3
,,,,,,SAT1
,,,,,,HMGN1
,,,,,,NNAT
,,,,,,C2orf49
,,,,,,U2AF1L5
,,,,,,TSPAN31
,,,,,,AC011445.2
,,,,,,PUSL1
,,,,,,SNORA79
,,,,,,SYNGR1
,,,,,,SNORD26
,,,,,,IL10RB
,,,,,,CHMP4B
,,,,,,COMMD3-BMI1
,,,,,,AC114495.2
,,,,,,PGRMC2
,,,,,,ISY1
,,,,,,SNORA58B
,,,,,,DNAJA1
,,,,,,AC022415.1
,,,,,,RBMX2
,,,,,,ZNF585A
,,,,,,SNRNP25
,,,,,,U2AF1
,,,,,,PIGH
,,,,,,GNAI2
,,,,,,AC119619.1
,,,,,,NEDD8
,,,,,,AC103591.3
,,,,,,TMEM160
,,,,,,AC093422.1
,,,,,,RPL7AP60
,,,,,,RPP40
,,,,,,RPL34P33
,,,,,,AC020928.1
,,,,,,PRMT5
,,,,,,SPTSSA
,,,,,,RNU6-946P
,,,,,,SLC35B2
,,,,,,NUDT1
,,,,,,ERVK-28
,,,,,,RER1
,,,,,,XAGE2
,,,,,,RN7SL731P
,,,,,,TRPT1
,,,,,,TARS
,,,,,,GOLGA2
,,,,,,BCAR4
,,,,,,ANXA1
,,,,,,AL390198.2
,,,,,,BBOX1-AS1
,,,,,,CDC26
,,,,,,SLC25A37
,,,,,,C11orf98
,,,,,,RNA5SP370
,,,,,,HIST1H2BL
,,,,,,GTF2A2
,,,,,,MT-CO3
,,,,,,RABIF
,,,,,,EDF1
,,,,,,SNORA23
,,,,,,COA3
,,,,,,SEPT7P7
,,,,,,IDS
,,,,,,PAM16
,,,,,,HIST1H4E
,,,,,,CUEDC2
,,,,,,NBDY
,,,,,,RF00004
,,,,,,ISG15
,,,,,,HIST1H1C
,,,,,,NDUFAF2
,,,,,,MAGOH
,,,,,,SMIM29
,,,,,,INSL4
,,,,,,AKR7A2
,,,,,,RNA5SP389
,,,,,,C1D
,,,,,,PPIAP30
,,,,,,EMC3-AS1
,,,,,,ZNF780A
,,,,,,BCAP31
,,,,,,CNIH4
,,,,,,SNHG19
,,,,,,HSD17B14
,,,,,,AC093512.2
,,,,,,RNU1-1
,,,,,,C4orf3
,,,,,,SAT2
,,,,,,PWP1
,,,,,,YWHAB
,,,,,,NDUFB8P2
,,,,,,NBPF26
,,,,,,NEURL1
,,,,,,HNRNPA1P14
,,,,,,TCTA
,,,,,,H3F3B
,,,,,,HIST1H2AL
,,,,,,SVIL-AS1
,,,,,,AC007537.1
,,,,,,SNORA12
,,,,,,MT-RNR2
,,,,,,C12orf45
,,,,,,LLPH
,,,,,,MAP7D1
,,,,,,DBI
,,,,,,NUCB2
,,,,,,TBCB
,,,,,,AK2P2
,,,,,,PCNA
,,,,,,GADD45GIP1
,,,,,,BRI3
,,,,,,RNA5S7
,,,,,,MTERF4
,,,,,,POLR2J4
,,,,,,RPS27L
,,,,,,HEBP2
,,,,,,CBWD3
,,,,,,MT-TL2
,,,,,,AC094103.1
,,,,,,AL450124.1
,,,,,,BCS1L
,,,,,,BX088651.1
,,,,,,AC146507.2
,,,,,,HPF1
,,,,,,WTAP
,,,,,,RNU2-1
,,,,,,RF00004
,,,,,,LIN37
,,,,,,SNORD116-6
,,,,,,RF00004
,,,,,,GPN2
,,,,,,EPN2
,,,,,,GTF2H2
,,,,,,LYRM2
,,,,,,B2M
,,,,,,GTF2H5
,,,,,,LGALS8
,,,,,,SKA2P1
,,,,,,MZT2B
,,,,,,HIST1H2BN
,,,,,,PTS
,,,,,,SP140L
,,,,,,PPM1N
,,,,,,AC026979.2
,,,,,,RF00004
,,,,,,MRPL19
,,,,,,RNA5SP145
,,,,,,AC099677.1
,,,,,,RF00004
,,,,,,SNORA10B
,,,,,,FYN
,,,,,,LINC00992
,,,,,,AC006011.1
,,,,,,KRT8P46
,,,,,,MT1A
,,,,,,SNORD114-20
,,,,,,SNORA50C
,,,,,,DNAL4
,,,,,,CDH2
,,,,,,NPC2
,,,,,,EBPL
,,,,,,ACTB
,,,,,,SNORA11F
,,,,,,TCL6
,,,,,,ZFAND2B
,,,,,,CCNK
,,,,,,FGFR1OP2
,,,,,,UBA52P6
,,,,,,RNU1-4
,,,,,,EPHA2
,,,,,,GYPC
,,,,,,SIPA1
,,,,,,SMS
,,,,,,PSG3
,,,,,,ACTG1
,,,,,,RNU1-3
,,,,,,AC008687.6
,,,,,,ATP5MC2
,,,,,,SNORD3C
,,,,,,GPRC5D-AS1
,,,,,,GMPPA
,,,,,,AC091153.1
,,,,,,GEMIN8
,,,,,,OSTC
,,,,,,VTI1BP1
,,,,,,RNU7-50P
,,,,,,SNORD43
,,,,,,NECTIN3
,,,,,,RHEBP2
,,,,,,POU5F1P3
,,,,,,MCFD2P1
,,,,,,UXT
,,,,,,RF02198
,,,,,,AP000769.1
,,,,,,DAD1
,,,,,,CYB5B
,,,,,,ZFP36L1
,,,,,,RF00004
,,,,,,RF00004
,,,,,,MGST3
,,,,,,CCDC59
,,,,,,MRPS6
,,,,,,RPL22L1
,,,,,,TRAPPC2L
,,,,,,NDUFA6
,,,,,,AL138752.1
,,,,,,MRPS33
,,,,,,EVA1B
,,,,,,TOB1
,,,,,,RNA5SP226
,,,,,,RPS15AP10
,,,,,,EPC1
,,,,,,CASP4
,,,,,,CALU
,,,,,,RF00004
,,,,,,PCDH7
,,,,,,UBE2T
,,,,,,TMEM177
,,,,,,AC108059.2
,,,,,,NOP16
,,,,,,SBDS
,,,,,,PSG2
,,,,,,MAGED4
,,,,,,MIR572
,,,,,,RF00003
,,,,,,SNORD13
,,,,,,IFITM2
,,,,,,SNORD63
,,,,,,PGF
,,,,,,MKNK2
,,,,,,RPA2
,,,,,,BEX1
,,,,,,JKAMP
,,,,,,ATF7IP2
,,,,,,SNORD19
,,,,,,CCDC144NL
,,,,,,RN7SK
,,,,,,RNASEK
,,,,,,C2orf74
,,,,,,PDE4D
,,,,,,PTRHD1
,,,,,,MAD2L1BP
,,,,,,MYL12A
,,,,,,SNORA11E
,,,,,,KTI12
,,,,,,TMEM40
,,,,,,DERL1
,,,,,,UBE2K
,,,,,,KCNQ2
,,,,,,SNORD98
,,,,,,SNORA11D
,,,,,,C11orf1
,,,,,,C15orf61
,,,,,,TBC1D7
,,,,,,ADAMTS1
,,,,,,PANK2
,,,,,,TECRP1
,,,,,,SNORA58
,,,,,,FRG1HP
,,,,,,ATG10
,,,,,,PSG6
,,,,,,RF00019
,,,,,,AL139099.3
,,,,,,ESAM
,,,,,,GNAS
,,,,,,LSM6
,,,,,,RAB6C
,,,,,,KRT8
,,,,,,RPSA
,,,,,,PLIN2
,,,,,,MKKS
,,,,,,FUOM
,,,,,,EEF1AKMT1
,,,,,,AL139023.1
,,,,,,DNALI1
,,,,,,SNORD3B-2
,,,,,,PBDC1
,,,,,,MAGEH1
,,,,,,NOSTRIN
,,,,,,RPS4Y1
,,,,,,DNAJC4
,,,,,,RHOQ
,,,,,,ECI1
,,,,,,RF00004
,,,,,,RF00004
,,,,,,RNU5A-8P
,,,,,,MAGED4B
,,,,,,ARL3
,,,,,,OBSL1
,,,,,,MAGOHB
,,,,,,MRPL51
,,,,,,KYNU
,,,,,,IGSF5
,,,,,,AC009878.1
,,,,,,FSTL3
,,,,,,MRPS14
,,,,,,EMP3
,,,,,,RAD23B
,,,,,,PPIAP55
,,,,,,NRDE2
,,,,,,HSPB8
,,,,,,MED7
,,,,,,SDAD1
,,,,,,C5orf30
,,,,,,RPS5
,,,,,,B3GALT6
,,,,,,AC060780.2
,,,,,,P3H4
,,,,,,ZBTB16
,,,,,,PSG5
,,,,,,BCCIP
,,,,,,SNRPB2
,,,,,,SMAP1
,,,,,,UBXN8
,,,,,,CSHL1
,,,,,,RNU1-2
,,,,,,AC145285.1
,,,,,,EMP2
,,,,,,SDHAF2
,,,,,,MYL9
,,,,,,AL009031.1
,,,,,,ADI1
,,,,,,FN1
,,,,,,MTATP6P1
,,,,,,MSRB2
,,,,,,SSR1
,,,,,,RPS10-NUDT3
,,,,,,BTBD6
,,,,,,AC091951.3
,,,,,,SNIP1
,,,,,,MYL12BP1
,,,,,,LGALS16
,,,,,,PSMG4
,,,,,,FGF7P3
,,,,,,NDUFAF8
,,,,,,RPL10A
,,,,,,FAM177A1
,,,,,,TRIM16L
,,,,,,CTSK
,,,,,,CCT7
,,,,,,MAGI2-AS3
,,,,,,PPP2R5D
,,,,,,RRAGC
,,,,,,MRPS36
,,,,,,HIST1H1D
,,,,,,HOXC9
,,,,,,RF00598
,,,,,,RASSF3
,,,,,,CERS6
,,,,,,NBPF8
,,,,,,SPINT1-AS1
,,,,,,AC018521.5
,,,,,,RAB8B
,,,,,,AES
,,,,,,BLOC1S1
,,,,,,RAB5IF
,,,,,,PELO
,,,,,,AL357552.2
,,,,,,MRPL10
,,,,,,CXorf40B
,,,,,,AC104986.2
,,,,,,SRI
,,,,,,ZNF830
,,,,,,SNRNP70
,,,,,,EMC10
,,,,,,SNORA79B
,,,,,,AC022506.1
,,,,,,VPS72
,,,,,,ARL4A
,,,,,,DDX1
,,,,,,CCDC167
,,,,,,MCTS1
,,,,,,SRP54-AS1
,,,,,,AL139011.1
,,,,,,ILK
,,,,,,C1orf56
,,,,,,RELT
,,,,,,HNMT
,,,,,,RNA5SP162
,,,,,,ZNF286B
,,,,,,TTR
,,,,,,CDS2
,,,,,,PPP2R2D
,,,,,,NECAP2
,,,,,,SERF1B
,,,,,,TM9SF4
,,,,,,FNDC3B
,,,,,,RPL23AP4
,,,,,,DNAJC25-GNG10
,,,,,,UBLCP1
,,,,,,SLC2A12
,,,,,,IFT43
,,,,,,SMCO4
,,,,,,MRPL14
,,,,,,PHF10
,,,,,,RAB4B
,,,,,,AC104461.1
,,,,,,CSTA
,,,,,,MTPN
,,,,,,REXO2
,,,,,,COMT
,,,,,,TRPV2
,,,,,,TMCO1
,,,,,,PRKCZ
,,,,,,HMGCS2
,,,,,,SCARNA13
,,,,,,LRTOMT
,,,,,,COL4A2
,,,,,,NR4A1
,,,,,,RF00003
,,,,,,MT-TW
,,,,,,CBR1
,,,,,,PPP1R1C
,,,,,,ALCAM
,,,,,,ZCCHC9
,,,,,,RNU6-681P
,,,,,,THEM4
,,,,,,RUSC1-AS1
,,,,,,MIR7111
,,,,,,GSTP1
,,,,,,HIST2H3PS2
,,,,,,CRISPLD1
,,,,,,LINC00649
,,,,,,MYDGF
,,,,,,SCAMP1-AS1
,,,,,,TP53TG1
,,,,,,TAF9
,,,,,,HEY1
,,,,,,RBM46
,,,,,,RNA5SP429
,,,,,,DUXAP10
,,,,,,DALRD3
,,,,,,MAOA
,,,,,,CRYBB1
,,,,,,AL390334.1
,,,,,,TXN
,,,,,,ZSWIM8
,,,,,,FUNDC2
,,,,,,DCPS
,,,,,,CYP4X1
,,,,,,MMP2
,,,,,,CAMTA1
,,,,,,PIGP
,,,,,,SH3GLB1
,,,,,,AC073349.2
,,,,,,ABRACL
,,,,,,SNORD23
,,,,,,SNHG8
,,,,,,AC084824.1
,,,,,,IGFBP4
,,,,,,MIR200CHG
,,,,,,LPIN3
,,,,,,C22orf39
,,,,,,NDN
,,,,,,RNA5S4
,,,,,,RNU5E-6P
,,,,,,SERF1A
,,,,,,ZNF385D-AS1
,,,,,,OR2B6
,,,,,,HNRNPA1P7
,,,,,,NDUFV2
,,,,,,HIST2H2BC
,,,,,,SCAMP1
,,,,,,CTSH
,,,,,,CYP27A1
,,,,,,RNU6-118P
,,,,,,LINC02484
,,,,,,MBD2
,,,,,,NTAN1
,,,,,,SDHAF4
,,,,,,CHKA
,,,,,,AC078881.1
,,,,,,DYNLT3
,,,,,,GSTM3
,,,,,,SAMD8
,,,,,,SON
,,,,,,SDF2
,,,,,,NDUFV3
,,,,,,RNVU1-7
,,,,,,DECR1
,,,,,,OAZ3
,,,,,,SHISA4
,,,,,,FDPS
,,,,,,RC3H2
,,,,,,AHCYL1
,,,,,,TSEN15
,,,,,,AC025423.1
,,,,,,SNORA19
,,,,,,RBM34
,,,,,,AC068205.4
,,,,,,SLC27A5
,,,,,,DUSP22
,,,,,,RNU7-49P
,,,,,,ATP5F1A
,,,,,,TMA16
,,,,,,APOC1P1
,,,,,,HSD17B10
,,,,,,RNFT1-DT
,,,,,,GYG2P1
,,,,,,TNFRSF10A
,,,,,,UMAD1
,,,,,,ATP1A1-AS1
,,,,,,UQCR11
,,,,,,IRF2BP2
,,,,,,MFAP5
,,,,,,SLC25A15
,,,,,,SSR4
,,,,,,PSMC6
,,,,,,SNORA55
,,,,,,TSPAN3
,,,,,,CCL26
,,,,,,HIST2H3DP1
,,,,,,SLC7A6OS
,,,,,,AL357075.2
,,,,,,HMGA2
,,,,,,CDC37
,,,,,,EVI5
,,,,,,PSMA4
,,,,,,CD302
,,,,,,ITPRIPL2
,,,,,,RND3
,,,,,,DMKN
,,,,,,LINC00869
,,,,,,AC027644.3
,,,,,,METTL22
,,,,,,MYO10
,,,,,,TWISTNB
,,,,,,AC090617.3
,,,,,,S1PR2
,,,,,,RETREG3
,,,,,,LINC01820
,,,,,,TP53I3
,,,,,,SNORA81
,,,,,,TVP23C
,,,,,,ZRSR2
,,,,,,RBP4
,,,,,,MT-TR
,,,,,,ZNF836
,,,,,,CNFN
,,,,,,REEP5
,,,,,,MAST4
,,,,,,AL137186.2
,,,,,,TNFRSF1B
,,,,,,RNA5S2
,,,,,,AP001505.1
,,,,,,SKA2
,,,,,,SNAP29
,,,,,,CCNB1IP1
,,,,,,H1FX
,,,,,,AC015922.3
,,,,,,LIG3
,,,,,,RPL23P2
,,,,,,EIF1AXP1
,,,,,,RF00017
,,,,,,NSDHL
,,,,,,MRPS34
,,,,,,GSTO1
,,,,,,RNF170
,,,,,,RBM24
,,,,,,RPLP0
,,,,,,C1orf61
,,,,,,HIST1H3H
,,,,,,RNA5S5
,,,,,,TMEM229A
,,,,,,RF00003
,,,,,,AC006001.3
,,,,,,RPS3AP34
,,,,,,AL512506.2
,,,,,,TENT5C
,,,,,,MT-TI
,,,,,,BTD
,,,,,,MEMO1P1
,,,,,,AC134772.1
,,,,,,SCAND2P
,,,,,,RPL10L
,,,,,,GOLM1
,,,,,,TNFRSF10C
,,,,,,RNA5SP202
,,,,,,DDTL
,,,,,,RNA5S3
,,,,,,HIST1H3F
,,,,,,UNC50
,,,,,,HIST3H2A
,,,,,,MLEC
,,,,,,RNA5S12
,,,,,,C2orf68
,,,,,,SNORA66
,,,,,,DHX36
,,,,,,LIFR
,,,,,,KIF9
,,,,,,NPTN
,,,,,,NUPR1
,,,,,,CPM
,,,,,,FTH1P8
,,,,,,MIEN1
,,,,,,AL392172.1
,,,,,,EEF1B2P1
,,,,,,RGS3
,,,,,,NME4
,,,,,,ZFHX2-AS1
,,,,,,SSH2
,,,,,,EXTL2
,,,,,,IER5
,,,,,,CYB5A
,,,,,,ZNF239
,,,,,,LCAT
,,,,,,RNA5S8
,,,,,,PUS3
,,,,,,RNA5S14
,,,,,,ZNF669
,,,,,,NQO1
,,,,,,HNRNPA1P50
,,,,,,ITGA1
,,,,,,ACTC1
,,,,,,HNRNPH1
,,,,,,TM4SF1
,,,,,,ARL14EP
,,,,,,RNF167
,,,,,,MFSD12
,,,,,,SMARCD1
,,,,,,SELENOT
,,,,,,DPCD
,,,,,,VDAC3
,,,,,,AC022784.1
,,,,,,FBXO32
,,,,,,PGP
,,,,,,MTCH2
,,,,,,ZNF226
,,,,,,RNA5S11
,,,,,,ANGPT1
,,,,,,SSBP1
,,,,,,IDH3G
,,,,,,AC098487.1
,,,,,,FGF11
,,,,,,ZNF207
,,,,,,EXT1
,,,,,,RNA5S10
,,,,,,ARL4C
,,,,,,TNC
,,,,,,SNORD25
,,,,,,COL1A1
,,,,,,LIPG
,,,,,,CRYGD
,,,,,,IL1RAP
,,,,,,RNU6-1099P
,,,,,,RNA5S1
,,,,,,UXT-AS1
,,,,,,RPS20P22
,,,,,,CADM1
,,,,,,AC007160.1
,,,,,,TUBA1A
,,,,,,ATP2A1-AS1
,,,,,,MALSU1
,,,,,,ITGAV
,,,,,,RNA5S13
,,,,,,PDLIM3
,,,,,,SCO2
,,,,,,PON2
,,,,,,UQCRFS1
,,,,,,HTRA4
,,,,,,NAPG
,,,,,,ZEB2
,,,,,,RHOBTB3
,,,,,,UBE2Q1
,,,,,,CCDC174
,,,,,,HIST1H4D
,,,,,,AL138878.1
,,,,,,MRPL49
,,,,,,PSTPIP2
,,,,,,PSMB1
,,,,,,RNA5S17
,,,,,,LIPA
,,,,,,TTC4
,,,,,,MTSS1L
,,,,,,P3H2
,,,,,,RPGRIP1L
,,,,,,SNRPCP6
,,,,,,NR0B1
,,,,,,ZNF667-AS1
,,,,,,BDH2
,,,,,,LINC00960
,,,,,,IER3
,,,,,,RSF1
,,,,,,AC021231.2
,,,,,,SPSB1
,,,,,,LGALS3
,,,,,,ZNF354B
,,,,,,SLC18B1
,,,,,,MRPL15
,,,,,,PLXNB2
,,,,,,LINC00205
,,,,,,AL589880.1
,,,,,,FBXO9
,,,,,,NENF
,,,,,,CAP2
,,,,,,CCND2
,,,,,,RBM14-RBM4
,,,,,,AL110292.1
,,,,,,ENTPD3-AS1
,,,,,,PPP1R14A
,,,,,,CERK
,,,,,,AL138686.1
,,,,,,HGS
,,,,,,PSG11
,,,,,,ADAMTS9
,,,,,,SARNP
,,,,,,POGZ
,,,,,,CYB5R3
